team1,team2,total_matches,matches_with_three_uag,matches_without_three_uag,qualifies
Arsenal,Brighton,6,0,6,1
Brentford,Liverpool,6,0,6,1
Brentford,Newcastle,6,0,6,1
Brentford,West Ham,6,0,6,1
Brighton,Chelsea,6,0,6,1
Brighton,Man United,6,0,6,1
Brighton,Tottenham,6,0,6,1
Chelsea,Man United,6,0,6,1
Chelsea,Newcastle,6,0,6,1
Chelsea,Tottenham,6,0,6,1
Liverpool,Man United,6,0,6,1
Man City,Man United,6,0,6,1
Man City,Tottenham,6,0,6,1
Man United,West Ham,6,0,6,1
Newcastle,Tottenham,6,0,6,1
Arsenal,Brentford,6,2,4,0
Arsenal,Chelsea,6,6,0,0
Arsenal,Liverpool,6,1,5,0
Arsenal,Man City,6,1,5,0
Arsenal,Man United,6,2,4,0
Arsenal,Newcastle,6,1,5,0
Arsenal,Tottenham,6,1,5,0
Arsenal,West Ham,6,1,5,0
Brentford,Brighton,6,1,5,0
Brentford,Chelsea,6,1,5,0
Brentford,Man City,6,6,0,0
Brentford,Man United,6,1,5,0
Brentford,Tottenham,6,3,3,0
Brighton,Liverpool,6,1,5,0
Brighton,Man City,6,2,4,0
Brighton,Newcastle,6,1,5,0
Brighton,West Ham,6,1,5,0
Chelsea,Liverpool,6,2,4,0
Chelsea,Man City,6,1,5,0
Chelsea,West Ham,6,3,3,0
Liverpool,Man City,6,2,4,0
Liverpool,Newcastle,6,2,4,0
Liverpool,Tottenham,6,2,4,0
Liverpool,West Ham,6,3,3,0
Man City,Newcastle,6,1,5,0
Man City,West Ham,6,2,4,0
Man United,Newcastle,6,1,5,0
Man United,Tottenham,6,2,4,0
Newcastle,West Ham,6,2,4,0
Tottenham,West Ham,6,1,5,0
